seq,nck_uid,imgid,imgid_profile,imgid_ext,stamp,nickname,workingtime,todayin,order,updt_date,reg_date,comment
1,nck_1,2m2szTIpIW,0mMKAQ9hAy,26nC7WKRpW,TRUE,꼭지,,FALSE,-1,"2017-01-07 00:08:12","2016-08-09 00:00:00",
2,nck_2,1RWbHAyiXm,,,TITLE,주간,,TRUE,0,"2017-01-07 00:08:11","2016-08-09 00:00:00",
3,nck_3,1m9RfmwuNy,,,TITLE,야간,,TRUE,11,"2017-01-07 00:08:12","2016-08-09 00:00:00",
4,nck_4,26kx0amYpu,,,TITLE,마지막,,FALSE,-1,"2016-10-27 18:30:11","2016-08-09 00:00:00",
5,nck_5,2RQ69Yk1zW,0mMKANjrSU,,FALSE,홍도,,TRUE,1,"2017-01-07 00:08:12","2016-08-09 11:27:48",
6,nck_6,2RRp1npAm0,,,FALSE,제리,,FALSE,-1,"2016-08-18 08:39:03","2016-08-09 11:27:48",
7,nck_7,1RXVOku99C,2m7OY3BCPu,2RQ2W5CK6C,FALSE,중독,,FALSE,-1,"2017-01-07 00:08:12","2016-08-09 11:27:48",
8,nck_8,26nCBysQuO,2RUY9RHV1u,1RXVKFYcay,FALSE,콩,,FALSE,-1,"2017-01-07 00:08:12","2016-08-09 11:27:48",
9,nck_9,36fjNomHKm,1mErMCdHEy,1mALiq8cvu,FALSE,신비,,FALSE,-1,"2017-01-07 00:08:12","2016-08-09 11:27:48",
10,nck_10,26niDoTL9u,1Rc0xbQlg8,26nylzXMBW,FALSE,하루,,FALSE,-1,"2017-01-07 00:08:12","2016-08-09 11:27:48",
11,nck_11,0RezuQ1UwQ,26rhkoS22q,2RQ2W3cJjC,FALSE,마리,,TRUE,10,"2017-01-07 00:08:12","2016-08-09 11:27:48",
12,nck_12,16uuOLXoya,36kEwej1Ne,1mALiqZss4,FALSE,에일리,,FALSE,-1,"2017-01-07 00:08:12","2016-08-09 11:27:48",
13,nck_13,1mANUrzMwu,36kEwezpkG,26nMto6Nfy,FALSE,제시,,FALSE,-1,"2017-01-07 00:08:12","2016-08-09 11:27:48",
14,nck_14,2m2szCmQgm,26nC8tv610,,FALSE,보영,,TRUE,5,"2017-01-07 00:08:11","2016-08-09 11:27:48",
15,nck_15,16uf0PRvtc,1mErMHVyrK,2RQAyXpDHm,FALSE,하진,,TRUE,22,"2017-01-07 00:08:12","2016-08-09 11:27:48",
16,nck_16,0RezuS85dR,26rhkteKaK,1mAWVApTX4,FALSE,희진,,FALSE,-1,"2017-01-07 00:08:12","2016-08-09 11:27:48",
17,nck_17,16ughfyW2C,1mALkMys4u,36fjJMxXEm,FALSE,봉선,,FALSE,-1,"2016-11-03 15:23:03","2016-08-09 11:27:48",
18,nck_18,2m3c2xvNWm,2m7OY6U3PW,,FALSE,비누,,FALSE,-1,"2017-01-07 00:08:12","2016-08-09 11:27:48",
19,nck_19,1mAPMLjgze,36kGXkWkV8,2m2sumcwEe,FALSE,이슬,,FALSE,-1,"2017-01-07 00:08:12","2016-08-09 11:27:48",
20,nck_20,16unOJj2mS,1mErMHbZGm,,FALSE,허니,,TRUE,19,"2017-01-07 00:08:12","2016-08-09 11:27:48",
21,nck_21,0mHobnRx40,0RjTlosxTo,1RXVKK33za,FALSE,시가,,FALSE,-1,"2017-01-07 00:08:12","2016-08-09 11:27:48",
22,nck_22,26nCCFNHfC,2RUY9VI8XS,36fjJOvtVW,FALSE,주원,,FALSE,-1,"2017-01-07 00:08:12","2016-08-09 11:27:48",
23,nck_23,0ReyDCdyZl,2RUY9Ur3cy,16ueviCy00,FALSE,시원,,FALSE,-1,"2017-01-07 00:08:12","2016-08-09 11:27:48",
24,nck_24,2m3EJMq41u,36kEwiuNPu,,FALSE,아침,,TRUE,20,"2017-01-07 00:08:12","2016-08-09 11:27:48",
25,nck_25,1RXfMCJsPm,0mMKAR9EWm,36fjJOEBx0,FALSE,안나,,FALSE,-1,"2017-01-07 00:08:12","2016-08-09 11:27:48",
27,nck_27,0Rf8ALa2Vf,2RUY9RSev0,16uevdqi4W,FALSE,하얀,,TRUE,8,"2017-01-07 00:08:12","2016-08-10 09:28:45",
28,nck_28,36fjNvULk8,1mErMDb5GS,1mALis3bF8,FALSE,하영,,TRUE,4,"2017-01-07 00:08:12","2016-08-10 09:28:45",
29,nck_29,36ftLFPUL0,36gBX2t9BW,0mIJcqKUdg,FALSE,하나,,FALSE,-1,"2016-11-03 15:23:02","2016-08-10 09:28:45",
30,nck_30,1RYRDayaWS,,,FALSE,레드,,FALSE,-1,"2016-09-14 09:19:46","2016-08-10 09:28:45",
31,nck_31,2RQ69Zg3Vi,16zAZ3DAc4,0mHoX6brDu,FALSE,우리,,FALSE,-1,"2017-01-07 00:08:12","2016-08-10 09:28:45",
32,nck_32,16usAn5CPA,1mErMGin1u,,FALSE,수,,FALSE,-1,"2017-01-07 00:08:12","2016-08-10 09:28:45",
33,nck_33,16ughfxKkW,36kEwiBmcm,1mALiuXSoa,FALSE,니꼬,,TRUE,14,"2017-01-07 00:08:12","2016-08-10 09:28:45",
34,nck_34,26nCCFLtrS,1Rc0xeCrbW,,FALSE,나비,,TRUE,18,"2017-01-07 00:08:12","2016-08-10 09:28:45",
35,nck_35,2m3J8BFOkG,26nC90cXJ0,0mHoX6xde4,FALSE,재낌,,FALSE,-1,"2016-12-23 09:12:09","2016-08-10 09:28:45",
36,nck_36,16uf0PRWm0,1Rc0xfRboW,1RXVKLBOLe,FALSE,칸쵸,,TRUE,21,"2017-01-07 00:08:12","2016-08-10 09:28:45",
56,nck_56,0RhWSJwtKz,1mDBs9nyd8,,FALSE,정자,,FALSE,-1,"2016-10-06 02:11:29","2016-09-08 08:38:48",
43,nck_43,36fl5LqHXm,0mMKAQQe7s,26nC7Wriqu,FALSE,보아,,TRUE,13,"2017-01-07 00:08:12","2016-08-13 10:45:01",
39,nck_39,36g2uehfEO,36gBX2kBM0,26ncri0KeS,FALSE,엘루,,FALSE,-1,"2016-11-03 15:23:03","2016-08-11 04:35:35",
41,nck_41,0ReyCuzGyt,1RXVLhjR0K,36fjJJbMeu,FALSE,티파니,,FALSE,-1,"2016-11-03 15:23:02","2016-08-13 10:45:01",
55,nck_55,1RZzN6Nxo8,,,FALSE,보아봉선,,FALSE,-1,"2016-10-16 09:08:13","2016-09-05 16:18:29",
38,nck_38,2m2ugg26a0,0RjTlkSzSu,1mALipUxb8,FALSE,도화,,FALSE,-1,"2016-12-26 21:42:59","2016-08-11 04:35:35",
37,nck_37,1RYnYJ0B78,,,FALSE,진경,,TRUE,2,"2017-01-07 00:08:11","2016-08-11 04:35:35",
52,nck_52,36fjNonAHe,26rhkosbo8,16uevcyfou,FALSE,요코,,FALSE,-1,"2017-01-07 00:08:12","2016-08-25 10:27:31",
46,nck_46,16uvLHUutI,0RfEyRdiMg,1RXw4TuOqC,TITLE,,,FALSE,-1,"2016-11-03 15:23:03","2016-08-16 09:16:21",
44,nck_44,2m2ughtci8,1Rc0xakBVu,2m2sugH3bm,FALSE,아방,,TRUE,6,"2017-01-07 00:08:12","2016-08-14 10:49:13",
40,nck_40,36fl5LrLdG,26rjLuOyW0,0Rey8TpLCR,FALSE,소피아,,FALSE,-1,"2017-01-07 00:08:12","2016-08-12 10:40:50",
42,nck_42,1mAQxFAFQG,26nC8ttOGy,0Rey8NtdNQ,FALSE,메이,,FALSE,-1,"2017-01-04 11:01:47","2016-08-13 10:45:01",
45,nck_45,0Rfm2zPdon,,,FALSE,페라리,,FALSE,-1,"2016-08-14 10:49:14","2016-08-14 10:49:13",
49,nck_49,36hlmeAQLW,,,FALSE,커피,,FALSE,-1,"2016-09-06 11:07:27","2016-08-19 09:13:06",
50,nck_50,26olscs7kO,26rhksbwfq,,FALSE,소연,,FALSE,-1,"2017-01-07 00:08:12","2016-08-19 09:13:06",
54,nck_54,0Rey8J1DOW,,,TITLE,,,FALSE,-1,"2016-11-03 15:23:02","2016-09-02 09:40:38",
47,nck_47,36hkDIXA78,,,FALSE,제리,,FALSE,-1,"2016-08-27 09:14:36","2016-08-18 09:29:55",
48,nck_48,2RRPV1bD2u,36kEweuZIm,1mALir5Z9u,FALSE,은율,,TRUE,7,"2017-01-07 00:08:12","2016-08-19 09:13:06",
51,nck_51,2RQoqBhSI8,0RjTllEn3P,16vpzUaSIM,FALSE,준교수,,FALSE,-1,"2017-01-07 00:08:12","2016-08-22 09:13:32",
53,nck_53,2RSKx3PyqG,,,FALSE,레아,,FALSE,-1,"2016-10-03 10:25:52","2016-08-29 09:17:46",
57,nck_57,26o3EL2jp4,,,FALSE,,,FALSE,-1,"2016-09-08 08:38:48","2016-09-08 08:38:48",
58,nck_58,1mCxI9WBU4,,,FALSE,별이,,FALSE,-1,"2016-10-12 17:51:27","2016-09-10 09:12:57",
59,nck_59,2m5ioLFlDe,,,FALSE,오늘,,FALSE,-1,"2016-09-23 09:22:45","2016-09-19 08:54:49",
60,nck_60,1Ra7azEG5a,,,FALSE,개똥이,,TRUE,17,"2017-01-07 00:08:12","2016-09-19 08:54:49",
61,nck_61,0RhzEkaTSd,0RfEyRdiMg,1RXw4TuOqC,TITLE,,,FALSE,-1,"2016-11-03 15:23:03","2016-09-26 09:22:11",
62,nck_62,0mKpdMVuZE,,,FALSE,나라,,FALSE,-1,"2016-09-29 03:48:29","2016-09-26 09:22:11",
63,nck_63,36iooXf4mm,,,FALSE,다래,,FALSE,-1,"2016-12-15 04:36:31","2016-09-29 03:48:28",
64,nck_64,2m61zTHDS8,,,FALSE,주니,,FALSE,-1,"2016-10-06 02:11:29","2016-10-01 09:30:25",
65,nck_65,1mDYGSXD7i,,,FALSE,애플,,FALSE,-1,"2016-10-05 13:51:04","2016-10-03 13:29:41",
66,nck_66,2m66l1ajwW,,,FALSE,럭키,,FALSE,-1,"2016-10-05 10:32:04","2016-10-04 09:08:45",
67,nck_67,36ix9e63gm,36gBX2kBM0,26ncri0KeS,TITLE,,,FALSE,-1,"2016-11-03 15:23:03","2016-10-04 09:08:45",
68,nck_68,1RaCCg0pwe,,,TITLE,,,FALSE,-1,"2016-11-03 15:23:02","2016-10-04 09:08:45",
69,nck_69,2m5y2UpLTG,,,TITLE,,,FALSE,-1,"2016-11-03 15:23:02","2016-10-04 09:08:45",
70,nck_70,2m0dwDbdp8,,,TITLE,,,FALSE,-1,"2016-11-03 15:23:02","2016-10-04 09:08:45",
71,nck_71,26m3yFJI3W,,,TITLE,,,FALSE,-1,"2016-11-03 15:23:02","2016-10-04 09:08:45",
72,nck_72,36iQRYcxTe,,,TITLE,,,FALSE,-1,"2016-11-03 15:23:02","2016-10-04 09:08:45",
73,nck_73,2m5a2wbiPO,,,TITLE,,,FALSE,-1,"2016-11-03 15:23:02","2016-10-04 09:08:45",
74,nck_74,0mKzADTwJA,2RUY9QW6yC,,FALSE,소이,,FALSE,-1,"2016-11-29 19:24:22","2016-10-05 10:32:04",
75,nck_75,1mALndNiVG,0RjTloXgyi,1mALivDAwe,FALSE,비,,TRUE,23,"2017-01-07 00:08:12","2016-10-05 13:51:04",
76,nck_76,0mL4ocnJj8,,,TITLE,,,FALSE,-1,"2016-11-03 15:23:02","2016-10-06 02:11:29",
77,nck_77,1mDc0Sk8By,,,TITLE,,,FALSE,-1,"2016-11-03 15:23:02","2016-10-06 02:11:29",
78,nck_78,1RalcBjGwm,,,TITLE,,,FALSE,-1,"2016-11-03 15:23:02","2016-10-06 02:11:29",
79,nck_79,26qb7G1BSq,,,FALSE,,,FALSE,-1,"2016-10-12 17:51:27","2016-10-11 09:00:26",
80,nck_80,2RTT8Snh8i,,,FALSE,케이,,TRUE,9,"2017-01-07 00:08:12","2016-10-12 09:27:42",
81,nck_81,26qdUSGe5G,26rjLuUg1G,,FALSE,유리,,FALSE,-1,"2016-12-01 09:31:20","2016-10-13 09:53:18",
82,nck_82,16yF66g8P8,,,FALSE,레드,,FALSE,-1,"2016-10-18 20:03:18","2016-10-18 09:06:48",
221,nck_221,0RjTloXgyi,,,FALSE,,,FALSE,-1,"2016-12-02 09:31:42","2016-11-27 13:52:43",
83,nck_83,2m6D80rEZW,,,FALSE,,,FALSE,-1,"2016-10-20 09:59:28","2016-10-20 09:59:28",
84,nck_84,1mDc0SjokS,,,TITLE,,,FALSE,-1,"2016-11-03 15:23:02","2016-10-23 08:13:54",
85,nck_85,16yLTT7Ggo,,,FALSE,올리브,,FALSE,-1,"2017-01-02 09:06:28","2016-10-23 08:13:54",
86,nck_86,2RTfAtzVwW,,,TITLE,,,FALSE,-1,"2016-11-03 15:23:02","2016-10-23 08:13:54",
87,nck_87,1RbAFV9YXG,,,FALSE,하늘,,FALSE,-1,"2016-11-02 19:00:39","2016-10-26 09:10:24",
88,nck_88,0Ril44WQkw,36gBX2kBM0,26ncri0KeS,FALSE,엘루,,FALSE,-1,"2017-01-06 09:10:36","2016-10-26 09:10:24",
89,nck_89,0mD6TAh6ky,,,TITLE,,,FALSE,-1,"2016-11-03 15:23:02","2016-10-28 10:46:48",
90,nck_90,0mFZQ8sYho,,,TITLE,,,FALSE,-1,"2016-11-03 15:23:02","2016-10-28 10:46:48",
91,nck_91,16sPp29eka,,,TITLE,,,FALSE,-1,"2016-11-03 15:23:02","2016-10-28 10:46:48",
92,nck_92,2RNnbBATGq,,,TITLE,,,FALSE,-1,"2016-11-03 15:23:02","2016-10-28 10:46:48",
93,nck_93,1RVGDMy7Xy,,,TITLE,,,FALSE,-1,"2016-11-03 15:23:02","2016-10-28 10:46:48",
94,nck_94,2m0do66vsO,,,TITLE,,,FALSE,-1,"2016-11-03 15:23:02","2016-10-28 10:46:48",
95,nck_95,2RQ2c28p1u,,,TITLE,,,FALSE,-1,"2016-11-03 15:23:02","2016-10-28 10:46:48",
220,nck_220,0mMKAQQe7s,,,FALSE,,,FALSE,-1,"2016-12-02 09:31:42","2016-11-27 13:52:43",
97,nck_97,16vpzUaSIM,,,FALSE,,,FALSE,-1,"2016-10-30 08:49:21","2016-10-28 10:46:48",
219,nck_219,36kEwiBmcm,,,FALSE,,,FALSE,-1,"2016-12-02 09:31:42","2016-11-27 13:52:43",
99,nck_99,1RXw4TuOqC,,,FALSE,,,FALSE,-1,"2016-10-30 08:49:21","2016-10-28 10:46:48",
218,nck_218,1Rc0xeCrbW,,,FALSE,,,FALSE,-1,"2016-11-27 13:52:44","2016-11-27 13:52:43",
101,nck_101,1mALiq8cvu,,,FALSE,,,FALSE,-1,"2016-10-30 08:49:21","2016-10-28 10:46:48",
217,nck_217,0mMKAQ9hAy,,,FALSE,,,FALSE,-1,"2016-12-02 09:31:42","2016-11-27 13:52:43",
103,nck_103,26nMto6Nfy,,,FALSE,,,FALSE,-1,"2016-10-30 08:49:21","2016-10-28 10:46:48",
216,nck_216,16zAZ23DLQ,,,FALSE,,,FALSE,-1,"2016-12-02 09:31:42","2016-11-27 13:52:43",
105,nck_105,1mALir5Z9u,,,FALSE,,,FALSE,-1,"2016-10-30 08:49:21","2016-10-28 10:46:48",
215,nck_215,26rjLuOyW0,,,FALSE,,,FALSE,-1,"2016-12-02 09:31:42","2016-11-27 13:52:43",
107,nck_107,1mALiqZss4,,,FALSE,,,FALSE,-1,"2016-10-30 08:49:21","2016-10-28 10:46:48",
214,nck_214,36kGXkWkV8,,,FALSE,,,FALSE,-1,"2016-12-02 09:31:42","2016-11-27 13:52:43",
109,nck_109,2RQ2W5CK6C,,,FALSE,,,FALSE,-1,"2016-10-30 08:49:21","2016-10-28 10:46:48",
213,nck_213,1mErMDb5GS,,,FALSE,,,FALSE,-1,"2016-12-02 09:31:42","2016-11-27 13:52:43",
111,nck_111,26nylzXMBW,,,FALSE,,,FALSE,-1,"2016-10-30 08:49:21","2016-10-28 10:46:48",
212,nck_212,2RUY9RSev0,,,FALSE,,,FALSE,-1,"2016-12-02 09:31:42","2016-11-27 13:52:43",
113,nck_113,2RQ2W3cJjC,,,FALSE,,,FALSE,-1,"2016-10-30 08:49:21","2016-10-28 10:46:48",
211,nck_211,2RUY9RHV1u,,,FALSE,,,FALSE,-1,"2016-12-02 09:31:42","2016-11-27 13:52:43",
115,nck_115,1mALipUxb8,,,FALSE,,,FALSE,-1,"2016-10-30 08:49:21","2016-10-28 10:46:48",
210,nck_210,2m7OY3BCPu,,,FALSE,,,FALSE,-1,"2016-12-02 09:31:42","2016-11-27 13:52:43",
209,nck_209,0RjTllEn3P,,,FALSE,,,FALSE,-1,"2016-12-02 09:31:42","2016-11-27 13:52:43",
118,nck_118,1RXVKFYcay,,,FALSE,,,FALSE,-1,"2016-10-30 08:49:21","2016-10-28 10:46:48",
208,nck_208,36kEwezpkG,,,FALSE,,,FALSE,-1,"2016-12-02 09:31:42","2016-11-27 13:52:43",
120,nck_120,1mALis3bF8,,,FALSE,,,FALSE,-1,"2016-10-30 08:49:21","2016-10-28 10:46:48",
207,nck_207,36kEweuZIm,,,FALSE,,,FALSE,-1,"2016-12-02 09:31:42","2016-11-27 13:52:43",
122,nck_122,2m2sugH3bm,,,FALSE,,,FALSE,-1,"2016-10-30 08:49:21","2016-10-28 10:46:48",
206,nck_206,26rhkosbo8,,,FALSE,,,FALSE,-1,"2016-12-02 09:31:42","2016-11-27 13:52:43",
124,nck_124,16uevcyfou,,,FALSE,,,FALSE,-1,"2016-10-30 08:49:21","2016-10-28 10:46:48",
205,nck_205,1Rc0xakBVu,,,FALSE,,,FALSE,-1,"2016-12-02 09:31:42","2016-11-27 13:52:43",
126,nck_126,0mIJcqKUdg,,,FALSE,,,FALSE,-1,"2016-10-30 08:49:21","2016-10-28 10:46:48",
204,nck_204,36kEwej1Ne,,,FALSE,,,FALSE,-1,"2016-12-02 09:31:42","2016-11-27 13:52:43",
128,nck_128,26ncri0KeS,,,FALSE,,,FALSE,-1,"2016-10-30 08:49:21","2016-10-28 10:46:48",
203,nck_203,1mErMCdHEy,,,FALSE,,,FALSE,-1,"2016-12-02 09:31:42","2016-11-27 13:52:43",
130,nck_130,16uevdqi4W,,,FALSE,,,FALSE,-1,"2016-10-30 08:49:21","2016-10-28 10:46:48",
202,nck_202,2RUY9QW6yC,,,FALSE,,,FALSE,-1,"2016-11-27 13:52:44","2016-11-27 13:52:43",
132,nck_132,36fjJJbMeu,,,FALSE,,,FALSE,-1,"2016-10-30 08:49:21","2016-10-28 10:46:48",
201,nck_201,26rhkoS22q,,,FALSE,,,FALSE,-1,"2016-12-02 09:31:42","2016-11-27 13:52:43",
134,nck_134,0Rey8NtdNQ,,,FALSE,,,FALSE,-1,"2016-10-30 08:49:21","2016-10-28 10:46:48",
200,nck_200,0RjTlkSzSu,,,FALSE,,,FALSE,-1,"2016-12-02 09:31:42","2016-11-27 13:52:43",
199,nck_199,0mMKANjrSU,,,FALSE,,,FALSE,-1,"2016-11-27 13:52:44","2016-11-27 13:52:43",
137,nck_137,26nC7XskiO,,,FALSE,,,FALSE,-1,"2016-10-30 08:49:21","2016-10-28 10:46:48",
198,nck_198,2RUY9J4jYG,,,FALSE,,,FALSE,-1,"2016-11-27 13:52:44","2016-11-27 13:52:43",
139,nck_139,2m2sumcwEe,,,FALSE,,,FALSE,-1,"2016-10-30 08:49:21","2016-10-28 10:46:48",
197,nck_197,0RjX72Kdtx,,,FALSE,,,FALSE,-1,"2016-11-27 13:52:44","2016-11-27 13:52:43",
141,nck_141,0Rey8TpLCR,,,FALSE,,,FALSE,-1,"2016-10-30 08:49:21","2016-10-28 10:46:48",
196,nck_196,1mEuhUD6mu,,,FALSE,,,FALSE,-1,"2016-11-27 13:52:44","2016-11-27 13:52:43",
195,nck_195,2m7RtKAy0O,,,FALSE,,,FALSE,-1,"2016-11-27 13:52:44","2016-11-27 13:52:43",
144,nck_144,1mALiuXSoa,,,FALSE,,,FALSE,-1,"2016-10-30 08:49:21","2016-10-28 10:46:48",
145,nck_145,1RXVLjsbGm,,,FALSE,,,FALSE,-1,"2016-10-30 08:49:21","2016-10-28 10:46:48",
146,nck_146,1RXVKIC4ji,,,FALSE,,,FALSE,-1,"2016-10-30 08:49:21","2016-10-28 10:46:48",
194,nck_194,0mMNVeHhU8,,,FALSE,,,FALSE,-1,"2016-11-27 13:52:44","2016-11-27 13:52:43",
193,nck_193,1Rc4IsDBGW,,,FALSE,,,FALSE,-1,"2016-11-27 13:52:44","2016-11-27 13:52:43",
149,nck_149,1mAWVApTX4,,,FALSE,,,FALSE,-1,"2016-10-30 08:49:21","2016-10-28 10:46:48",
192,nck_192,26rl669Sk0,,,FALSE,,,FALSE,-1,"2016-11-27 13:52:44","2016-11-27 13:52:43",
151,nck_151,1RXVKK33za,,,FALSE,,,FALSE,-1,"2016-10-30 08:49:21","2016-10-28 10:46:48",
191,nck_191,16zDuGCLf2,,,FALSE,,,FALSE,-1,"2016-11-27 13:52:44","2016-11-27 13:52:43",
153,nck_153,1RXVKLBOLe,,,FALSE,,,FALSE,-1,"2016-10-30 08:49:21","2016-10-28 10:46:48",
190,nck_190,1Rc4Is9Anq,,,FALSE,,,FALSE,-1,"2016-11-27 13:52:44","2016-11-27 13:52:43",
155,nck_155,2RQAyXpDHm,,,FALSE,,,FALSE,-1,"2016-10-30 08:49:22","2016-10-28 10:46:48",
189,nck_189,0RjX72E3cU,,,FALSE,,,FALSE,-1,"2016-11-27 13:52:44","2016-11-27 13:52:43",
157,nck_157,1mALivDAwe,,,FALSE,,,FALSE,-1,"2016-10-30 08:49:22","2016-10-28 10:46:48",
188,nck_188,1Rc4IsIr6i,,,FALSE,,,FALSE,-1,"2016-11-27 13:52:44","2016-11-27 13:52:43",
159,nck_159,26nC7WKRpW,,,FALSE,,,FALSE,-1,"2016-10-30 08:49:22","2016-10-28 10:46:48",
187,nck_187,2m7RtK36ku,,,FALSE,,,FALSE,-1,"2016-11-27 13:52:44","2016-11-27 13:52:43",
161,nck_161,26nC7Wriqu,,,FALSE,,,FALSE,-1,"2016-10-30 08:49:22","2016-10-28 10:46:48",
186,nck_186,0mMNVe9jGU,,,FALSE,,,FALSE,-1,"2016-11-27 13:52:44","2016-11-27 13:52:43",
163,nck_163,36fjJMxXEm,,,FALSE,,,FALSE,-1,"2016-10-30 08:49:22","2016-10-28 10:46:48",
185,nck_185,26rl66FLlq,,,FALSE,,,FALSE,-1,"2016-11-27 13:52:44","2016-11-27 13:52:43",
165,nck_165,36fjJOEBx0,,,FALSE,,,FALSE,-1,"2016-10-30 08:49:22","2016-10-28 10:46:48",
184,nck_184,26ro7JsYyS,,,FALSE,태희,,FALSE,-1,"2016-11-27 14:50:27","2016-11-27 13:52:43",
167,nck_167,0mHoX6brDu,,,FALSE,,,FALSE,-1,"2016-10-30 08:49:22","2016-10-28 10:46:48",
168,nck_168,16uexA814e,,,FALSE,,,FALSE,-1,"2016-10-30 08:49:22","2016-10-28 10:46:48",
183,nck_183,36kLJ9oANu,,,FALSE,레아,,FALSE,-1,"2016-11-27 14:50:27","2016-11-27 13:52:43",
170,nck_170,0mHoX6xde4,,,FALSE,,,FALSE,-1,"2016-10-30 08:49:22","2016-10-28 10:46:48",
182,nck_182,0Rja8bvBRK,,,FALSE,나경보아,,FALSE,-1,"2016-12-15 04:36:31","2016-11-27 13:52:43",
172,nck_172,36fjJOvtVW,,,FALSE,,,FALSE,-1,"2016-10-30 08:49:22","2016-10-28 10:46:48",
181,nck_181,0mMPpoE86Y,,,FALSE,제니,,FALSE,-1,"2016-12-04 09:29:26","2016-11-27 13:52:43",
174,nck_174,16ueviCy00,,,FALSE,,,FALSE,-1,"2016-10-30 08:49:22","2016-10-28 10:46:48",
180,nck_180,1mEx1e9KF8,,,FALSE,수진,,FALSE,-1,"2017-01-02 09:06:28","2016-11-27 13:52:43",
178,nck_178,1RXVQK5Gm4,,,FALSE,,,FALSE,-1,"2016-10-30 08:49:22","2016-10-28 10:46:48",
179,nck_179,16uevhdcCc,,,FALSE,,,FALSE,-1,"2016-10-30 08:49:22","2016-10-28 10:46:48",
222,nck_222,2m7OY6U3PW,,,FALSE,,,FALSE,-1,"2016-11-27 13:52:44","2016-11-27 13:52:43",
223,nck_223,26rhksbwfq,,,FALSE,,,FALSE,-1,"2016-11-27 13:52:44","2016-11-27 13:52:43",
224,nck_224,1mErMGin1u,,,FALSE,,,FALSE,-1,"2016-11-27 13:52:44","2016-11-27 13:52:43",
225,nck_225,0RjTlosxTo,,,FALSE,,,FALSE,-1,"2016-12-02 09:31:42","2016-11-27 13:52:43",
226,nck_226,2RUY9Ur3cy,,,FALSE,,,FALSE,-1,"2016-12-02 09:31:42","2016-11-27 13:52:43",
227,nck_227,36kEwiuNPu,,,FALSE,,,FALSE,-1,"2016-11-27 13:52:44","2016-11-27 13:52:43",
228,nck_228,0mMKAR9EWm,,,FALSE,,,FALSE,-1,"2016-12-02 09:31:42","2016-11-27 13:52:43",
229,nck_229,16zAZ3DAc4,,,FALSE,,,FALSE,-1,"2016-12-02 09:31:42","2016-11-27 13:52:43",
230,nck_230,26rjLuUg1G,,,FALSE,,,FALSE,-1,"2016-12-02 09:31:42","2016-11-27 13:52:43",
231,nck_231,2RUY9VI8XS,,,FALSE,,,FALSE,-1,"2016-12-02 09:31:42","2016-11-27 13:52:43",
232,nck_232,1Rc0xfRboW,,,FALSE,,,FALSE,-1,"2016-12-02 09:31:42","2016-11-27 13:52:43",
233,nck_233,1mErMHVyrK,,,FALSE,,,FALSE,-1,"2016-12-02 09:31:42","2016-11-27 13:52:43",
234,nck_234,1mErMHbZGm,,,FALSE,,,FALSE,-1,"2016-11-27 13:52:44","2016-11-27 13:52:43",
235,nck_235,26rhkteKaK,,,FALSE,,,FALSE,-1,"2016-12-02 09:31:42","2016-11-27 13:52:43",
236,nck_236,0mMS6xmDou,,,FALSE,홍수,,FALSE,-1,"2016-12-11 07:44:32","2016-11-28 16:33:31",
237,nck_237,2m7Q8TeuNW,,,FALSE,,,FALSE,-1,"2016-11-28 16:33:31","2016-11-28 16:33:31",
238,nck_238,26rphSmmoi,,,FALSE,여우,,FALSE,-1,"2017-01-06 09:10:36","2016-11-28 16:33:31",
239,nck_239,36kQ4w1TaW,2RVE4Bj85m,1mFhAhDnPG,FALSE,엔젤,,TRUE,3,"2017-01-07 00:08:12","2016-11-30 09:42:22",
240,nck_240,36kQ5ax4SW,26rjLuUg1G,36fjJMxXEm,FALSE,나경,,TRUE,15,"2017-01-07 00:08:12","2016-11-30 09:42:22",
241,nck_241,0mMVIeskcS,36kX1YpE3m,2m8XHQbsl8,FALSE,채영,,FALSE,-1,"2017-01-07 00:08:12","2016-11-30 09:42:22",
242,nck_242,2m7ZgKlkb0,26sNgW6bQO,,FALSE,콜라,,FALSE,-1,"2017-01-07 00:08:12","2016-11-30 09:42:22",
243,nck_243,0mMWMdnZH8,,,FALSE,,,FALSE,-1,"2016-12-02 09:31:42","2016-12-01 09:31:19",
244,nck_244,0RjgV0SSRk,,,FALSE,,,FALSE,-1,"2016-12-01 09:31:19","2016-12-01 09:31:19",
245,nck_245,26ruUpdA4m,,,FALSE,순실,,FALSE,-1,"2016-12-18 12:52:34","2016-12-01 09:31:19",
246,nck_246,1mF46Q7mOu,,,FALSE,,,FALSE,-1,"2016-12-01 09:31:19","2016-12-01 09:31:19",
247,nck_247,0mMWMdnZH8,,,FALSE,,,FALSE,-1,"2016-12-02 09:31:42","2016-12-01 09:31:19",
248,nck_248,26rw4O6dii,,,FALSE,,,FALSE,-1,"2016-12-02 11:58:26","2016-12-02 09:31:42",
249,nck_249,26rxfz0PtO,,,FALSE,그림,,FALSE,-1,"2017-01-06 09:10:35","2016-12-03 09:15:42",
250,nck_250,26rxfwHutG,,,FALSE,향기,,FALSE,-1,"2017-01-06 09:10:36","2016-12-03 09:15:42",
251,nck_251,2m7hh6U3Ee,,,FALSE,,,FALSE,-1,"2016-12-06 12:00:30","2016-12-05 16:22:32",
252,nck_252,2m7hh6Ud4G,,,FALSE,은영,,FALSE,-1,"2016-12-31 09:08:26","2016-12-05 16:22:32",
253,nck_253,0mMerumbWK,,,FALSE,윤희,,FALSE,-1,"2016-12-11 07:44:33","2016-12-06 09:14:24",
254,nck_254,2RUzDwMrGm,,,FALSE,하나,,FALSE,-1,"2016-12-10 09:51:37","2016-12-10 09:06:23",
255,nck_255,36kg1AImdG,,,FALSE,크리스,,FALSE,-1,"2016-12-17 09:12:00","2016-12-10 09:06:23",
256,nck_256,2RUsqyjQIq,,,FALSE,제니,,TRUE,26,"2017-01-07 00:08:12","2016-12-11 07:44:32",
257,nck_257,1mFRgf2Ouu,1mFlmSdqPu,2RVSbJ1sa4,FALSE,부르마,,TRUE,25,"2017-01-07 00:08:12","2016-12-16 09:17:53",
258,nck_258,1mFRgf1f4O,,,FALSE,백합,,TRUE,24,"2017-01-07 00:08:12","2016-12-16 09:17:53",
259,nck_259,1Rcbbyw6nG,,,FALSE,유라,,FALSE,-1,"2016-12-16 09:17:54","2016-12-16 09:17:53",
260,nck_260,16zodcLEJy,,,FALSE,폭스,,FALSE,-1,"2016-12-18 12:52:34","2016-12-18 12:52:34",
261,nck_261,0mMzcURfLI,,,FALSE,,,FALSE,-1,"2016-12-19 19:08:10","2016-12-19 09:33:01",
262,nck_262,0mN1BwLYDA,,,FALSE,레드,,FALSE,-1,"2016-12-21 09:22:13","2016-12-20 09:05:49",
263,nck_263,16zuS2r9zq,,,FALSE,은동,,FALSE,-1,"2017-01-06 09:10:35","2016-12-22 04:15:40",
264,nck_264,36krOvykRW,1Rc0xakBVu,2m2sugH3bm,FALSE,아방,,FALSE,-1,"2017-01-07 00:08:12","2016-12-23 09:12:08",
265,nck_265,1Rcoi0tcoq,,,FALSE,,,FALSE,-1,"2017-01-06 09:10:35","2016-12-24 14:18:47",
266,nck_266,16zzYCOimS,,,FALSE,,,FALSE,-1,"2016-12-25 08:59:28","2016-12-25 08:59:28",
267,nck_267,26sctUtbSi,,,FALSE,,,FALSE,-1,"2017-01-03 09:11:37","2017-01-02 09:06:27",
268,nck_268,36lJv3KztO,,,FALSE,,,FALSE,-1,"2017-01-05 00:41:18","2017-01-04 09:25:30",
269,nck_269,0mNPqBhBqq,,,FALSE,,,TRUE,16,"2017-01-07 00:08:12","2017-01-04 11:01:47",
270,nck_270,0mNQkXhZxY,,,FALSE,,,TRUE,27,"2017-01-07 00:08:12","2017-01-05 00:41:17",
271,nck_271,1mG14soFr8,,,FALSE,,,TRUE,12,"2017-01-07 00:08:12","2017-01-07 00:08:11",
